Date,Item,Qty,Source
2025-12-01,Lanka Petrol 92 Octane,92.0,PDF
2025-12-01,Lanka Petrol 92 Octane,92.0,PDF
2025-12-01,Lanka Petrol 92 Octane,92.0,PDF
2025-12-01,Lanka Petrol 92 Octane,92.0,PDF
2025-12-01,Lanka Petrol 92 Octane,92.0,PDF
2025-12-01,Lanka Petrol 92 Octane,92.0,PDF
2025-12-01,Lanka Petrol 92 Octane,92.0,PDF
2025-12-01,Lanka Petrol 92 Octane,92.0,PDF
2025-12-01,Lanka Petrol 92 Octane,92.0,PDF
2025-12-01,Lanka Petrol 92 Octane,92.0,PDF
2025-12-01,Lanka Petrol 92 Octane,92.0,PDF
2025-12-01,Lanka Petrol 92 Octane,92.0,PDF
2025-12-01,Lanka Petrol 92 Octane,92.0,PDF
2025-12-01,Lanka Petrol 92 Octane,92.0,PDF
2025-12-01,Lanka Petrol 92 Octane,92.0,PDF
2025-12-01,Lanka Petrol 92 Octane,92.0,PDF
2025-12-01,Lanka Petrol 92 Octane,92.0,PDF
2025-12-01,Lanka Petrol 92 Octane,92.0,PDF
2025-12-01,Lanka Petrol 92 Octane,92.0,PDF
2025-12-01,Lanka Petrol 92 Octane,92.0,PDF
2025-12-01,Lanka Petrol 92 Octane,92.0,PDF
2025-12-01,Lanka Petrol 92 Octane,92.0,PDF
2025-12-01,Lanka Petrol 92 Octane,92.0,PDF
2025-12-01,Lanka Petrol 92 Octane,92.0,PDF
2025-12-01,Lanka Petrol 92 Octane,92.0,PDF
2025-12-01,Lanka Petrol 92 Octane,92.0,PDF
2025-12-01,Lanka Petrol 92 Octane,92.0,PDF
2025-12-01,Lanka Petrol 92 Octane,92.0,PDF
2025-12-01,Lanka Petrol 92 Octane,92.0,PDF
2025-12-01,Lanka Petrol 92 Octane,92.0,PDF
2025-12-01,Lanka Petrol 92 Octane,92.0,PDF
2025-12-01,Lanka Petrol 92 Octane,92.0,PDF
2025-12-01,Lanka Petrol 92 Octane,92.0,PDF
2025-12-01,Lanka Petrol 92 Octane,92.0,PDF
2025-12-01,Lanka Petrol 92 Octane,92.0,PDF
2025-12-01,Lanka Petrol 92 Octane,92.0,PDF
2025-12-01,Lanka Petrol 92 Octane,92.0,PDF
2025-12-01,Lanka Petrol 92 Octane,92.0,PDF
2025-12-01,Lanka Petrol 92 Octane,92.0,PDF
2025-12-01,Lanka Petrol 92 Octane,92.0,PDF
2025-12-01,Lanka Petrol 92 Octane,92.0,PDF
2025-12-01,Lanka Petrol 92 Octane,92.0,PDF
2025-12-01,Lanka Petrol 92 Octane,92.0,PDF
2025-12-01,Lanka Petrol 92 Octane,92.0,PDF
2025-12-01,Lanka Petrol 92 Octane,92.0,PDF
2025-12-01,Lanka Petrol 92 Octane,92.0,PDF
2025-12-01,Lanka Petrol 92 Octane,92.0,PDF
2025-12-01,Lanka Petrol 92 Octane,92.0,PDF
2025-12-01,Lanka Petrol 92 Octane,92.0,PDF
2025-12-01,Lanka Petrol 92 Octane,92.0,PDF
2025-12-01,Lanka Petrol 92 Octane,92.0,PDF
2025-12-01,Lanka Petrol 92 Octane,92.0,PDF
2025-12-01,Lanka Petrol 92 Octane,92.0,PDF
2025-12-01,Lanka Petrol 92 Octane,92.0,PDF
2025-12-01,Lanka Petrol 92 Octane,92.0,PDF
2025-12-01,Lanka Petrol 92 Octane,92.0,PDF
2025-12-01,Lanka Petrol 92 Octane,92.0,PDF
2025-12-01,Lanka Petrol 92 Octane,92.0,PDF
2025-12-01,Lanka Petrol 92 Octane,92.0,PDF
2025-12-01,Lanka Petrol 92 Octane,92.0,PDF
2025-12-01,Lanka Petrol 92 Octane,92.0,PDF
2025-12-01,Lanka Petrol 92 Octane,92.0,PDF
2025-12-01,Lanka Petrol 92 Octane,92.0,PDF
2025-12-01,Lanka Petrol 92 Octane,92.0,PDF
2025-12-01,Lanka Petrol 92 Octane,92.0,PDF
2025-12-01,Lanka Petrol 92 Octane,92.0,PDF
2025-12-01,Lanka Petrol 92 Octane,92.0,PDF
2025-12-01,Lanka Petrol 92 Octane,92.0,PDF
2025-12-01,Lanka Petrol 92 Octane,92.0,PDF
2025-12-01,Lanka Petrol 92 Octane,92.0,PDF
2025-12-01,Lanka Petrol 92 Octane,92.0,PDF
2025-12-01,Lanka Petrol 92 Octane,92.0,PDF
2025-12-01,Lanka Petrol 92 Octane,92.0,PDF
2025-12-01,Lanka Petrol 92 Octane,92.0,PDF
2025-12-01,Lanka Petrol 92 Octane,92.0,PDF
2025-12-01,Lanka Petrol 92 Octane,92.0,PDF
2025-12-01,Lanka Petrol 92 Octane,92.0,PDF
2025-12-01,Lanka Petrol 92 Octane,92.0,PDF
2025-12-01,Lanka Petrol 92 Octane,92.0,PDF
2025-12-01,Lanka Petrol 92 Octane,92.0,PDF
2025-12-01,Lanka Petrol 92 Octane,92.0,PDF
2025-12-01,Lanka Petrol 92 Octane,92.0,PDF
2025-12-01,Lanka Petrol 92 Octane,92.0,PDF
2025-12-01,Lanka Petrol 92 Octane,92.0,PDF
2025-12-01,Lanka Petrol 92 Octane,92.0,PDF
2025-12-01,Lanka Petrol 92 Octane,92.0,PDF
2025-12-01,Lanka Petrol 92 Octane,92.0,PDF
2025-12-01,Lanka Petrol 92 Octane,92.0,PDF
2025-12-01,Lanka Petrol 92 Octane,92.0,PDF
2025-12-01,Lanka Petrol 92 Octane,92.0,PDF
2025-12-01,Lanka Petrol 92 Octane,92.0,PDF
2025-12-01,Lanka Petrol 92 Octane,92.0,PDF
2025-12-01,Lanka Petrol 92 Octane,92.0,PDF
2025-12-01,Lanka Petrol 92 Octane,92.0,PDF
2025-12-01,Lanka Petrol 92 Octane,92.0,PDF
2025-12-01,Lanka Petrol 92 Octane,92.0,PDF
2025-12-01,Lanka Petrol 92 Octane,92.0,PDF
2025-12-01,Lanka Petrol 92 Octane,92.0,PDF
2025-12-01,Lanka Petrol 92 Octane,92.0,PDF
2025-12-01,Lanka Petrol 92 Octane,92.0,PDF
2025-12-01,Lanka Petrol 92 Octane,92.0,PDF
2025-12-01,Lanka Petrol 92 Octane,92.0,PDF
2025-12-01,Lanka Petrol 92 Octane,92.0,PDF
2025-12-01,Lanka Petrol 92 Octane,92.0,PDF
2025-12-01,Lanka Petrol 92 Octane,92.0,PDF
2025-12-01,Lanka Petrol 92 Octane,92.0,PDF
2025-12-01,Lanka Petrol 92 Octane,92.0,PDF
2025-12-01,Lanka Petrol 92 Octane,92.0,PDF
2025-12-01,Lanka Petrol 92 Octane,92.0,PDF
2025-12-01,Lanka Petrol 92 Octane,92.0,PDF
2025-12-01,Lanka Petrol 92 Octane,92.0,PDF
2025-12-01,Lanka Petrol 92 Octane,92.0,PDF
2025-12-01,Lanka Petrol 92 Octane,92.0,PDF
2025-12-01,Lanka Petrol 92 Octane,92.0,PDF
2025-12-01,Lanka Petrol 92 Octane,92.0,PDF
2025-12-01,Lanka Petrol 92 Octane,92.0,PDF
2025-12-01,Lanka Petrol 92 Octane,92.0,PDF
2025-12-01,Lanka Petrol 92 Octane,92.0,PDF
2025-12-01,Lanka Petrol 92 Octane,92.0,PDF
2025-12-01,Lanka Petrol 92 Octane,92.0,PDF
2025-12-01,Lanka Petrol 92 Octane,92.0,PDF
2025-12-01,Lanka Petrol 92 Octane,92.0,PDF
2025-12-01,Lanka Petrol 92 Octane,92.0,PDF
2025-12-01,Lanka Petrol 92 Octane,92.0,PDF
2025-12-01,Lanka Petrol 92 Octane,92.0,PDF
2025-12-01,Lanka Petrol 92 Octane,92.0,PDF
2025-12-01,Lanka Petrol 92 Octane,92.0,PDF
2025-12-01,Lanka Petrol 92 Octane,92.0,PDF
2025-12-01,Lanka Petrol 92 Octane,92.0,PDF
2025-12-01,Lanka Petrol 92 Octane,92.0,PDF
2025-12-01,Lanka Petrol 92 Octane,92.0,PDF
2025-12-01,Lanka Petrol 92 Octane,92.0,PDF
2025-12-01,Lanka Petrol 92 Octane,92.0,PDF
2025-12-01,Lanka Petrol 92 Octane,92.0,PDF
2025-12-01,Lanka Petrol 92 Octane,92.0,PDF
2025-12-01,Lanka Petrol 92 Octane,92.0,PDF
2025-12-01,Lanka Petrol 92 Octane,92.0,PDF
2025-12-01,Lanka Petrol 92 Octane,92.0,PDF
2025-12-01,Lanka Petrol 92 Octane,92.0,PDF
2025-12-01,Lanka Petrol 92 Octane,92.0,PDF
2025-12-01,Lanka Petrol 92 Octane,92.0,PDF
2025-12-01,Lanka Petrol 92 Octane,92.0,PDF
2025-12-01,Lanka Petrol 92 Octane,92.0,PDF
2025-12-01,Lanka Petrol 92 Octane,92.0,PDF
2025-12-01,Lanka Petrol 92 Octane,92.0,PDF
2025-12-01,Lanka Petrol 92 Octane,92.0,PDF
2025-12-01,Lanka Petrol 92 Octane,92.0,PDF
2025-12-01,Lanka Petrol 92 Octane,92.0,PDF
2025-12-01,Lanka Petrol 92 Octane,92.0,PDF
2025-12-01,Lanka Petrol 92 Octane,92.0,PDF
2025-12-01,Lanka Petrol 92 Octane,92.0,PDF
2025-12-01,Lanka Petrol 92 Octane,92.0,PDF
2025-12-01,Lanka Petrol 92 Octane,92.0,PDF
2025-12-01,Lanka Petrol 92 Octane,92.0,PDF
2025-12-01,Lanka Petrol 92 Octane,92.0,PDF
2025-12-01,Lanka Petrol 92 Octane,92.0,PDF
2025-12-01,Lanka Petrol 92 Octane,92.0,PDF
2025-12-01,Lanka Petrol 92 Octane,92.0,PDF
2025-12-01,Lanka Petrol 92 Octane,92.0,PDF
2025-12-01,Lanka Petrol 92 Octane,92.0,PDF
2025-12-01,Lanka Petrol 92 Octane,92.0,PDF
2025-12-01,Lanka Petrol 92 Octane,92.0,PDF
2025-12-01,Lanka Petrol 92 Octane,92.0,PDF
2025-12-01,Lanka Petrol 92 Octane,92.0,PDF
2025-12-01,Lanka Petrol 92 Octane,92.0,PDF
2025-12-01,Lanka Petrol 92 Octane,92.0,PDF
2025-12-01,Lanka Petrol 92 Octane,92.0,PDF
2025-12-01,Lanka Petrol 92 Octane,92.0,PDF
2025-12-01,Lanka Petrol 92 Octane,92.0,PDF
2025-12-01,Lanka Petrol 92 Octane,92.0,PDF
2025-12-01,Lanka Petrol 92 Octane,92.0,PDF
2025-12-01,Lanka Petrol 92 Octane,92.0,PDF
2025-12-01,Lanka Petrol 92 Octane,92.0,PDF
2025-12-01,Lanka Petrol 92 Octane,92.0,PDF
2025-12-01,Lanka Petrol 92 Octane,92.0,PDF
2025-12-01,Lanka Petrol 92 Octane,92.0,PDF
2025-12-01,Lanka Petrol 92 Octane,92.0,PDF
2025-12-01,Lanka Petrol 92 Octane,92.0,PDF
2025-12-01,Lanka Petrol 92 Octane,92.0,PDF
2025-12-01,Lanka Petrol 92 Octane,92.0,PDF
2025-12-01,Lanka Petrol 92 Octane,92.0,PDF
2025-12-01,Lanka Petrol 92 Octane,92.0,PDF
2025-12-01,Lanka Petrol 92 Octane,92.0,PDF
2025-12-01,Lanka Petrol 92 Octane,92.0,PDF
2025-12-01,Lanka Petrol 92 Octane,92.0,PDF
2025-12-01,Lanka Petrol 92 Octane,92.0,PDF
2025-12-01,Lanka Petrol 92 Octane,92.0,PDF
2025-12-01,Lanka Petrol 92 Octane,92.0,PDF
2025-12-01,Lanka Petrol 92 Octane,92.0,PDF
2025-12-01,Lanka Petrol 92 Octane,92.0,PDF
2025-12-01,Lanka Petrol 92 Octane,92.0,PDF
2025-12-01,Lanka Petrol 92 Octane,92.0,PDF
2025-12-01,Lanka Petrol 92 Octane,92.0,PDF
2025-12-01,Lanka Petrol 92 Octane,92.0,PDF
2025-12-01,Lanka Petrol 92 Octane,92.0,PDF
2025-12-01,Lanka Petrol 92 Octane,92.0,PDF
2025-12-01,Lanka Petrol 92 Octane,92.0,PDF
2025-12-01,Lanka Petrol 92 Octane,92.0,PDF
2025-12-01,Lanka Petrol 92 Octane,92.0,PDF
2025-12-01,Lanka Petrol 92 Octane,92.0,PDF
2025-12-01,Lanka Petrol 92 Octane,92.0,PDF
2025-12-01,Lanka Petrol 92 Octane,92.0,PDF
2025-12-01,Lanka Petrol 92 Octane,92.0,PDF
2025-12-01,Lanka Petrol 92 Octane,92.0,PDF
2025-12-01,Lanka Petrol 92 Octane,92.0,PDF
2025-12-01,Lanka Petrol 92 Octane,92.0,PDF
2025-12-01,Lanka Petrol 92 Octane,92.0,PDF
2025-12-01,Lanka Petrol 92 Octane,92.0,PDF
2025-12-01,Lanka Petrol 92 Octane,92.0,PDF
2025-12-01,Lanka Petrol 92 Octane,92.0,PDF
2025-12-01,Lanka Petrol 92 Octane,92.0,PDF
2025-12-01,Lanka Petrol 92 Octane,92.0,PDF
2025-12-01,Lanka Petrol 92 Octane,92.0,PDF
2025-12-01,Lanka Petrol 92 Octane,92.0,PDF
2025-12-01,Lanka Petrol 92 Octane,92.0,PDF
2025-12-01,Lanka Petrol 92 Octane,92.0,PDF
2025-12-01,Lanka Petrol 92 Octane,92.0,PDF
2025-12-01,Lanka Petrol 92 Octane,92.0,PDF
2025-12-01,Lanka Petrol 92 Octane,92.0,PDF
2025-12-01,Lanka Petrol 92 Octane,92.0,PDF
2025-12-01,Lanka Petrol 92 Octane,92.0,PDF
2025-12-01,Lanka Petrol 92 Octane,92.0,PDF
2025-12-01,Lanka Petrol 92 Octane,92.0,PDF
2025-12-01,Lanka Petrol 92 Octane,92.0,PDF
2025-12-01,Lanka Petrol 92 Octane,92.0,PDF
2025-12-01,Lanka Petrol 92 Octane,92.0,PDF
2025-12-01,Lanka Petrol 92 Octane,92.0,PDF
2025-12-01,Lanka Petrol 92 Octane,92.0,PDF
2025-12-01,Lanka Petrol 92 Octane,92.0,PDF
2025-12-01,Lanka Petrol 92 Octane,92.0,PDF
2025-12-01,Lanka Petrol 92 Octane,92.0,PDF
2025-12-01,Lanka Petrol 92 Octane,92.0,PDF
2025-12-01,Lanka Petrol 92 Octane,92.0,PDF
2025-12-01,Lanka Petrol 92 Octane,92.0,PDF
2025-12-01,Lanka Petrol 92 Octane,92.0,PDF
2025-12-01,Lanka Petrol 92 Octane,92.0,PDF
2025-12-01,Lanka Petrol 92 Octane,92.0,PDF
2025-12-01,Lanka Petrol 92 Octane,92.0,PDF
2025-12-01,Lanka Petrol 92 Octane,92.0,PDF
2025-12-01,Lanka Petrol 92 Octane,92.0,PDF
2025-12-01,Lanka Petrol 92 Octane,92.0,PDF
2025-12-01,Lanka Petrol 92 Octane,92.0,PDF
2025-12-01,Lanka Petrol 92 Octane,92.0,PDF
2025-12-01,Lanka Petrol 92 Octane,92.0,PDF
2025-12-01,Lanka Petrol 92 Octane,92.0,PDF
2025-12-01,Lanka Petrol 92 Octane,92.0,PDF
2025-12-01,Lanka Petrol 92 Octane,92.0,PDF
2025-12-01,Lanka Petrol 92 Octane,92.0,PDF
2025-12-01,Lanka Petrol 92 Octane,92.0,PDF
2025-12-01,Lanka Petrol 92 Octane,92.0,PDF
2025-12-01,Lanka Petrol 92 Octane,92.0,PDF
2025-12-01,Lanka Petrol 92 Octane,92.0,PDF
2025-12-01,Lanka Petrol 92 Octane,92.0,PDF
2025-12-01,Lanka Petrol 92 Octane,92.0,PDF
2025-12-01,Lanka Petrol 92 Octane,92.0,PDF
2025-12-01,Lanka Petrol 92 Octane,92.0,PDF
2025-12-01,Lanka Petrol 92 Octane,92.0,PDF
2025-12-01,Lanka Petrol 92 Octane,92.0,PDF
2025-12-01,Lanka Petrol 92 Octane,92.0,PDF
2025-12-01,Lanka Petrol 92 Octane,92.0,PDF
2025-12-01,Lanka Petrol 92 Octane,92.0,PDF
2025-12-01,Lanka Petrol 92 Octane,92.0,PDF
2025-12-01,Lanka Petrol 92 Octane,92.0,PDF
2025-12-01,Lanka Petrol 92 Octane,92.0,PDF
2025-12-01,Lanka Petrol 92 Octane,92.0,PDF
2025-12-01,Lanka Petrol 92 Octane,92.0,PDF
2025-12-01,Lanka Petrol 92 Octane,92.0,PDF
2025-12-01,Lanka Petrol 92 Octane,92.0,PDF
2025-12-01,Lanka Petrol 92 Octane,92.0,PDF
2025-12-01,Lanka Petrol 92 Octane,92.0,PDF
2025-12-01,Lanka Petrol 92 Octane,92.0,PDF
2025-12-01,Lanka Petrol 92 Octane,92.0,PDF
2025-12-01,Lanka Petrol 92 Octane,92.0,PDF
2025-12-01,Lanka Petrol 92 Octane,92.0,PDF
2025-12-01,Lanka Petrol 92 Octane,92.0,PDF
2025-12-01,Lanka Petrol 92 Octane,92.0,PDF
2025-12-01,Lanka Petrol 92 Octane,92.0,PDF
2025-12-01,Lanka Petrol 92 Octane,92.0,PDF
2025-12-01,Lanka Petrol 92 Octane,92.0,PDF
2025-12-01,Lanka Petrol 92 Octane,92.0,PDF
2025-12-01,Lanka Petrol 92 Octane,92.0,PDF
2025-12-01,Lanka Petrol 92 Octane,92.0,PDF
2025-12-01,Lanka Petrol 92 Octane,92.0,PDF
2025-12-01,Lanka Petrol 92 Octane,92.0,PDF
2025-12-01,Lanka Petrol 92 Octane,92.0,PDF
2025-12-01,Lanka Petrol 92 Octane,92.0,PDF
2025-12-01,Lanka Petrol 92 Octane,92.0,PDF
2025-12-01,Lanka Petrol 92 Octane,92.0,PDF
2025-12-01,Lanka Petrol 92 Octane,92.0,PDF
2025-12-01,Lanka Petrol 92 Octane,92.0,PDF
2025-12-01,Lanka Petrol 92 Octane,92.0,PDF
2025-12-01,Lanka Petrol 92 Octane,92.0,PDF
2025-12-01,Lanka Petrol 92 Octane,92.0,PDF
2025-12-01,Lanka Petrol 92 Octane,92.0,PDF
2025-12-01,Lanka Petrol 92 Octane,92.0,PDF
2025-12-01,Lanka Petrol 92 Octane,92.0,PDF
2025-12-01,Lanka Petrol 92 Octane,92.0,PDF
2025-12-01,Lanka Petrol 92 Octane,92.0,PDF
2025-12-01,Lanka Petrol 92 Octane,92.0,PDF
2025-12-01,Lanka Petrol 92 Octane,92.0,PDF
2025-12-01,Lanka Petrol 92 Octane,92.0,PDF
2025-12-01,Lanka Petrol 92 Octane,92.0,PDF
2025-12-01,Lanka Petrol 92 Octane,92.0,PDF
2025-12-01,Lanka Petrol 92 Octane,92.0,PDF
2025-12-01,Lanka Petrol 92 Octane,92.0,PDF
2025-12-01,Lanka Petrol 92 Octane,92.0,PDF
2025-12-01,Lanka Petrol 92 Octane,92.0,PDF
2025-12-01,Lanka Petrol 92 Octane,92.0,PDF
2025-12-01,Lanka Petrol 92 Octane,92.0,PDF
2025-12-01,Lanka Petrol 92 Octane,92.0,PDF
2025-12-01,Lanka Petrol 92 Octane,92.0,PDF
2025-12-01,Lanka Petrol 92 Octane,92.0,PDF
2025-12-01,Lanka Petrol 92 Octane,92.0,PDF
2025-12-01,Lanka Petrol 92 Octane,92.0,PDF
2025-12-01,Lanka Petrol 92 Octane,92.0,PDF
2025-12-01,Lanka Petrol 92 Octane,92.0,PDF
2025-12-01,Lanka Petrol 92 Octane,92.0,PDF
2025-12-01,Lanka Petrol 92 Octane,92.0,PDF
2025-12-01,Lanka Petrol 92 Octane,92.0,PDF
2025-12-01,Lanka Petrol 92 Octane,92.0,PDF
2025-12-01,Lanka Petrol 92 Octane,92.0,PDF
2025-12-01,Lanka Petrol 92 Octane,92.0,PDF
2025-12-01,Lanka Petrol 92 Octane,92.0,PDF
2025-12-01,Lanka Petrol 92 Octane,92.0,PDF
2025-12-01,Lanka Petrol 92 Octane,92.0,PDF
2025-12-01,Lanka Petrol 92 Octane,92.0,PDF
2025-12-01,Lanka Petrol 92 Octane,92.0,PDF
2025-12-01,Lanka Petrol 92 Octane,92.0,PDF
2025-12-01,Lanka Petrol 92 Octane,92.0,PDF
2025-12-01,Lanka Petrol 92 Octane,92.0,PDF
2025-12-01,Lanka Petrol 92 Octane,92.0,PDF
2025-12-01,Lanka Petrol 92 Octane,92.0,PDF
2025-12-01,Lanka Petrol 92 Octane,92.0,PDF
2025-12-01,Lanka Petrol 92 Octane,92.0,PDF
2025-12-01,Lanka Petrol 92 Octane,92.0,PDF
2025-12-01,Lanka Petrol 92 Octane,92.0,PDF
2025-12-01,Lanka Petrol 92 Octane,92.0,PDF
2025-12-01,Lanka Petrol 92 Octane,92.0,PDF
2025-12-01,Lanka Petrol 92 Octane,92.0,PDF
2025-12-01,Lanka Petrol 92 Octane,92.0,PDF
2025-12-01,Lanka Petrol 92 Octane,92.0,PDF
2025-12-01,Lanka Petrol 92 Octane,92.0,PDF
2025-12-01,Lanka Petrol 92 Octane,92.0,PDF
2025-12-01,Lanka Petrol 92 Octane,92.0,PDF
2025-12-01,Lanka Petrol 92 Octane,92.0,PDF
2025-12-01,Lanka Petrol 92 Octane,92.0,PDF
2025-12-01,Lanka Petrol 92 Octane,92.0,PDF
2025-12-01,Lanka Petrol 92 Octane,92.0,PDF
2025-12-01,Lanka Petrol 92 Octane,92.0,PDF
2025-12-01,Lanka Petrol 92 Octane,92.0,PDF
2025-12-01,Lanka Petrol 92 Octane,92.0,PDF
2025-12-01,Lanka Petrol 92 Octane,92.0,PDF
2025-12-01,Lanka Petrol 92 Octane,92.0,PDF
2025-12-01,Lanka Petrol 92 Octane,92.0,PDF
2025-12-01,Lanka Petrol 92 Octane,92.0,PDF
2025-12-01,Lanka Petrol 92 Octane,92.0,PDF
2025-12-01,Lanka Petrol 92 Octane,92.0,PDF
2025-12-01,Lanka Petrol 92 Octane,92.0,PDF
2025-12-01,Lanka Petrol 92 Octane,92.0,PDF
